"LOCATION","INDICATOR","SUBJECT","MEASURE","FREQUENCY","TIME","Value","Flag Codes"
"FRA","CCI","AMPLITUD","LTRENDIDX","M","2014-01",97.70716,
"FRA","CCI","AMPLITUD","LTRENDIDX","M","2014-02",97.80161,
"FRA","CCI","AMPLITUD","LTRENDIDX","M","2014-03",97.83465,
"FRA","CCI","AMPLITUD","LTRENDIDX","M","2014-04",97.75415,
"FRA","CCI","AMPLITUD","LTRENDIDX","M","2014-05",97.65517,
"FRA","CCI","AMPLITUD","LTRENDIDX","M","2014-06",97.60098,
"FRA","CCI","AMPLITUD","LTRENDIDX","M","2014-07",97.63556,
"FRA","CCI","AMPLITUD","LTRENDIDX","M","2014-08",97.63602,
"FRA","CCI","AMPLITUD","LTRENDIDX","M","2014-09",97.59508,
"FRA","CCI","AMPLITUD","LTRENDIDX","M","2014-10",97.64948,
"FRA","CCI","AMPLITUD","LTRENDIDX","M","2014-11",97.8903,
"FRA","CCI","AMPLITUD","LTRENDIDX","M","2014-12",98.25082,
"FRA","CCI","AMPLITUD","LTRENDIDX","M","2015-01",98.61174,
"FRA","CCI","AMPLITUD","LTRENDIDX","M","2015-02",98.93073,
"FRA","CCI","AMPLITUD","LTRENDIDX","M","2015-03",99.11212,
"FRA","CCI","AMPLITUD","LTRENDIDX","M","2015-04",99.17806,
"FRA","CCI","AMPLITUD","LTRENDIDX","M","2015-05",99.11593,
"FRA","CCI","AMPLITUD","LTRENDIDX","M","2015-06",99.07185,
"FRA","CCI","AMPLITUD","LTRENDIDX","M","2015-07",99.0669,
"FRA","CCI","AMPLITUD","LTRENDIDX","M","2015-08",99.24299,
"FRA","CCI","AMPLITUD","LTRENDIDX","M","2015-09",99.49299,
"FRA","CCI","AMPLITUD","LTRENDIDX","M","2015-10",99.6883,
"FRA","CCI","AMPLITUD","LTRENDIDX","M","2015-11",99.83246,
"FRA","CCI","AMPLITUD","LTRENDIDX","M","2015-12",99.83698,
"FRA","CCI","AMPLITUD","LTRENDIDX","M","2016-01",99.72318,
"FRA","CCI","AMPLITUD","LTRENDIDX","M","2016-02",99.41578,
"FRA","CCI","AMPLITUD","LTRENDIDX","M","2016-03",99.17394,
"FRA","CCI","AMPLITUD","LTRENDIDX","M","2016-04",99.17784,
"FRA","CCI","AMPLITUD","LTRENDIDX","M","2016-05",99.33811,
"FRA","CCI","AMPLITUD","LTRENDIDX","M","2016-06",99.34957,
"FRA","CCI","AMPLITUD","LTRENDIDX","M","2016-07",99.33819,
"FRA","CCI","AMPLITUD","LTRENDIDX","M","2016-08",99.38837,
"FRA","CCI","AMPLITUD","LTRENDIDX","M","2016-09",99.5543,
"FRA","CCI","AMPLITUD","LTRENDIDX","M","2016-10",99.75215,
"FRA","CCI","AMPLITUD","LTRENDIDX","M","2016-11",99.96891,
"FRA","CCI","AMPLITUD","LTRENDIDX","M","2016-12",100.0645,
"FRA","CCI","AMPLITUD","LTRENDIDX","M","2017-01",100.0164,
"FRA","CCI","AMPLITUD","LTRENDIDX","M","2017-02",99.93915,
"FRA","CCI","AMPLITUD","LTRENDIDX","M","2017-03",99.98861,
"FRA","CCI","AMPLITUD","LTRENDIDX","M","2017-04",100.266,
"FRA","CCI","AMPLITUD","LTRENDIDX","M","2017-05",100.7397,
"FRA","CCI","AMPLITUD","LTRENDIDX","M","2017-06",101.2273,
"FRA","CCI","AMPLITUD","LTRENDIDX","M","2017-07",101.239,
"FRA","CCI","AMPLITUD","LTRENDIDX","M","2017-08",100.9606,
"FRA","CCI","AMPLITUD","LTRENDIDX","M","2017-09",100.7223,
"FRA","CCI","AMPLITUD","LTRENDIDX","M","2017-10",100.7299,
"FRA","CCI","AMPLITUD","LTRENDIDX","M","2017-11",100.957,
"FRA","CCI","AMPLITUD","LTRENDIDX","M","2017-12",101.0794,
"FRA","CCI","AMPLITUD","LTRENDIDX","M","2018-01",100.9691,
"FRA","CCI","AMPLITUD","LTRENDIDX","M","2018-02",100.7159,
"FRA","CCI","AMPLITUD","LTRENDIDX","M","2018-03",100.5073,
"FRA","CCI","AMPLITUD","LTRENDIDX","M","2018-04",100.2759,
"FRA","CCI","AMPLITUD","LTRENDIDX","M","2018-05",100.0524,
"FRA","CCI","AMPLITUD","LTRENDIDX","M","2018-06",99.85075,
"FRA","CCI","AMPLITUD","LTRENDIDX","M","2018-07",99.71908,
"FRA","CCI","AMPLITUD","LTRENDIDX","M","2018-08",99.47982,
"FRA","CCI","AMPLITUD","LTRENDIDX","M","2018-09",99.12093,
"FRA","CCI","AMPLITUD","LTRENDIDX","M","2018-10",98.80445,
"FRA","CCI","AMPLITUD","LTRENDIDX","M","2018-11",98.3606,
"FRA","CCI","AMPLITUD","LTRENDIDX","M","2018-12",98.09432,
"FRA","CCI","AMPLITUD","LTRENDIDX","M","2019-01",98.36419,
"FRA","CCI","AMPLITUD","LTRENDIDX","M","2019-02",98.81091,
"FRA","CCI","AMPLITUD","LTRENDIDX","M","2019-03",99.15407,
"FRA","CCI","AMPLITUD","LTRENDIDX","M","2019-04",99.37975,
"FRA","CCI","AMPLITUD","LTRENDIDX","M","2019-05",99.62791,
"FRA","CCI","AMPLITUD","LTRENDIDX","M","2019-06",99.88031,
"FRA","CCI","AMPLITUD","LTRENDIDX","M","2019-07",100.1736,
"FRA","CCI","AMPLITUD","LTRENDIDX","M","2019-08",100.4044,
"FRA","CCI","AMPLITUD","LTRENDIDX","M","2019-09",100.613,
"FRA","CCI","AMPLITUD","LTRENDIDX","M","2019-10",100.637,
"FRA","CCI","AMPLITUD","LTRENDIDX","M","2019-11",100.5079,
"FRA","CCI","AMPLITUD","LTRENDIDX","M","2019-12",100.2256,
"FRA","CCI","AMPLITUD","LTRENDIDX","M","2020-01",99.97402,
"FRA","CCI","AMPLITUD","LTRENDIDX","M","2020-02",99.59579,
"FRA","CCI","AMPLITUD","LTRENDIDX","M","2020-03",98.7866,
"FRA","CCI","AMPLITUD","LTRENDIDX","M","2020-04",97.96335,
"FRA","CCI","AMPLITUD","LTRENDIDX","M","2020-05",97.89135,
"FRA","CCI","AMPLITUD","LTRENDIDX","M","2020-06",98.31655,
"FRA","CCI","AMPLITUD","LTRENDIDX","M","2020-07",98.70058,
"FRA","CCI","AMPLITUD","LTRENDIDX","M","2020-08",98.89111,
"FRA","CCI","AMPLITUD","LTRENDIDX","M","2020-09",98.8531,
"FRA","CCI","AMPLITUD","LTRENDIDX","M","2020-10",98.50713,
"FRA","CCI","AMPLITUD","LTRENDIDX","M","2020-11",98.19986,
"FRA","CCI","AMPLITUD","LTRENDIDX","M","2020-12",98.32923,
"FRA","CCI","AMPLITUD","LTRENDIDX","M","2021-01",98.35441,
"FRA","CCI","AMPLITUD","LTRENDIDX","M","2021-02",98.59801,
"FRA","CCI","AMPLITUD","LTRENDIDX","M","2021-03",99.26958,
"FRA","CCI","AMPLITUD","LTRENDIDX","M","2021-04",100.0489,
"FRA","CCI","AMPLITUD","LTRENDIDX","M","2021-05",100.7408,
"FRA","CCI","AMPLITUD","LTRENDIDX","M","2021-06",101.1585,
"FRA","CCI","AMPLITUD","LTRENDIDX","M","2021-07",101.1242,
"FRA","CCI","AMPLITUD","LTRENDIDX","M","2021-08",101.0022,
"FRA","CCI","AMPLITUD","LTRENDIDX","M","2021-09",101.0417,
"FRA","CCI","AMPLITUD","LTRENDIDX","M","2021-10",100.9508,
"FRA","CCI","AMPLITUD","LTRENDIDX","M","2021-11",100.8375,
"FRA","CCI","AMPLITUD","LTRENDIDX","M","2021-12",100.6082,
"FRA","CCI","AMPLITUD","LTRENDIDX","M","2022-01",100.1967,
"FRA","CCI","AMPLITUD","LTRENDIDX","M","2022-02",99.39005,
"FRA","CCI","AMPLITUD","LTRENDIDX","M","2022-03",97.92223,
"JPN","CCI","AMPLITUD","LTRENDIDX","M","2014-01",99.42928,
"JPN","CCI","AMPLITUD","LTRENDIDX","M","2014-02",99.04803,
"JPN","CCI","AMPLITUD","LTRENDIDX","M","2014-03",98.79107,
"JPN","CCI","AMPLITUD","LTRENDIDX","M","2014-04",98.79177,
"JPN","CCI","AMPLITUD","LTRENDIDX","M","2014-05",99.06432,
"JPN","CCI","AMPLITUD","LTRENDIDX","M","2014-06",99.38869,
"JPN","CCI","AMPLITUD","LTRENDIDX","M","2014-07",99.58143,
"JPN","CCI","AMPLITUD","LTRENDIDX","M","2014-08",99.54323,
"JPN","CCI","AMPLITUD","LTRENDIDX","M","2014-09",99.38076,
"JPN","CCI","AMPLITUD","LTRENDIDX","M","2014-10",99.18745,
"JPN","CCI","AMPLITUD","LTRENDIDX","M","2014-11",99.06296,
"JPN","CCI","AMPLITUD","LTRENDIDX","M","2014-12",99.10626,
"JPN","CCI","AMPLITUD","LTRENDIDX","M","2015-01",99.28269,
"JPN","CCI","AMPLITUD","LTRENDIDX","M","2015-02",99.55231,
"JPN","CCI","AMPLITUD","LTRENDIDX","M","2015-03",99.75064,
"JPN","CCI","AMPLITUD","LTRENDIDX","M","2015-04",99.83388,
"JPN","CCI","AMPLITUD","LTRENDIDX","M","2015-05",99.82361,
"JPN","CCI","AMPLITUD","LTRENDIDX","M","2015-06",99.78078,
"JPN","CCI","AMPLITUD","LTRENDIDX","M","2015-07",99.73013,
"JPN","CCI","AMPLITUD","LTRENDIDX","M","2015-08",99.73168,
"JPN","CCI","AMPLITUD","LTRENDIDX","M","2015-09",99.75969,
"JPN","CCI","AMPLITUD","LTRENDIDX","M","2015-10",99.87277,
"JPN","CCI","AMPLITUD","LTRENDIDX","M","2015-11",99.98566,
"JPN","CCI","AMPLITUD","LTRENDIDX","M","2015-12",99.98492,
"JPN","CCI","AMPLITUD","LTRENDIDX","M","2016-01",99.87351,
"JPN","CCI","AMPLITUD","LTRENDIDX","M","2016-02",99.71436,
"JPN","CCI","AMPLITUD","LTRENDIDX","M","2016-03",99.68446,
"JPN","CCI","AMPLITUD","LTRENDIDX","M","2016-04",99.6907,
"JPN","CCI","AMPLITUD","LTRENDIDX","M","2016-05",99.74289,
"JPN","CCI","AMPLITUD","LTRENDIDX","M","2016-06",99.83316,
"JPN","CCI","AMPLITUD","LTRENDIDX","M","2016-07",99.91238,
"JPN","CCI","AMPLITUD","LTRENDIDX","M","2016-08",100.0001,
"JPN","CCI","AMPLITUD","LTRENDIDX","M","2016-09",100.048,
"JPN","CCI","AMPLITUD","LTRENDIDX","M","2016-10",99.99556,
"JPN","CCI","AMPLITUD","LTRENDIDX","M","2016-11",99.95046,
"JPN","CCI","AMPLITUD","LTRENDIDX","M","2016-12",100.0698,
"JPN","CCI","AMPLITUD","LTRENDIDX","M","2017-01",100.2045,
"JPN","CCI","AMPLITUD","LTRENDIDX","M","2017-02",100.3238,
"JPN","CCI","AMPLITUD","LTRENDIDX","M","2017-03",100.4085,
"JPN","CCI","AMPLITUD","LTRENDIDX","M","2017-04",100.4183,
"JPN","CCI","AMPLITUD","LTRENDIDX","M","2017-05",100.4065,
"JPN","CCI","AMPLITUD","LTRENDIDX","M","2017-06",100.3966,
"JPN","CCI","AMPLITUD","LTRENDIDX","M","2017-07",100.4219,
"JPN","CCI","AMPLITUD","LTRENDIDX","M","2017-08",100.4501,
"JPN","CCI","AMPLITUD","LTRENDIDX","M","2017-09",100.5295,
"JPN","CCI","AMPLITUD","LTRENDIDX","M","2017-10",100.6175,
"JPN","CCI","AMPLITUD","LTRENDIDX","M","2017-11",100.6733,
"JPN","CCI","AMPLITUD","LTRENDIDX","M","2017-12",100.6841,
"JPN","CCI","AMPLITUD","LTRENDIDX","M","2018-01",100.6663,
"JPN","CCI","AMPLITUD","LTRENDIDX","M","2018-02",100.6266,
"JPN","CCI","AMPLITUD","LTRENDIDX","M","2018-03",100.5793,
"JPN","CCI","AMPLITUD","LTRENDIDX","M","2018-04",100.5291,
"JPN","CCI","AMPLITUD","LTRENDIDX","M","2018-05",100.4899,
"JPN","CCI","AMPLITUD","LTRENDIDX","M","2018-06",100.4485,
"JPN","CCI","AMPLITUD","LTRENDIDX","M","2018-07",100.4048,
"JPN","CCI","AMPLITUD","LTRENDIDX","M","2018-08",100.3551,
"JPN","CCI","AMPLITUD","LTRENDIDX","M","2018-09",100.3079,
"JPN","CCI","AMPLITUD","LTRENDIDX","M","2018-10",100.2472,
"JPN","CCI","AMPLITUD","LTRENDIDX","M","2018-11",100.1801,
"JPN","CCI","AMPLITUD","LTRENDIDX","M","2018-12",100.083,
"JPN","CCI","AMPLITUD","LTRENDIDX","M","2019-01",99.9401,
"JPN","CCI","AMPLITUD","LTRENDIDX","M","2019-02",99.78336,
"JPN","CCI","AMPLITUD","LTRENDIDX","M","2019-03",99.60637,
"JPN","CCI","AMPLITUD","LTRENDIDX","M","2019-04",99.43542,
"JPN","CCI","AMPLITUD","LTRENDIDX","M","2019-05",99.22044,
"JPN","CCI","AMPLITUD","LTRENDIDX","M","2019-06",98.97733,
"JPN","CCI","AMPLITUD","LTRENDIDX","M","2019-07",98.7169,
"JPN","CCI","AMPLITUD","LTRENDIDX","M","2019-08",98.48782,
"JPN","CCI","AMPLITUD","LTRENDIDX","M","2019-09",98.37956,
"JPN","CCI","AMPLITUD","LTRENDIDX","M","2019-10",98.5513,
"JPN","CCI","AMPLITUD","LTRENDIDX","M","2019-11",98.91111,
"JPN","CCI","AMPLITUD","LTRENDIDX","M","2019-12",99.11585,
"JPN","CCI","AMPLITUD","LTRENDIDX","M","2020-01",98.92643,
"JPN","CCI","AMPLITUD","LTRENDIDX","M","2020-02",98.11745,
"JPN","CCI","AMPLITUD","LTRENDIDX","M","2020-03",96.66663,
"JPN","CCI","AMPLITUD","LTRENDIDX","M","2020-04",95.36359,
"JPN","CCI","AMPLITUD","LTRENDIDX","M","2020-05",95.11549,
"JPN","CCI","AMPLITUD","LTRENDIDX","M","2020-06",95.58997,
"JPN","CCI","AMPLITUD","LTRENDIDX","M","2020-07",96.14973,
"JPN","CCI","AMPLITUD","LTRENDIDX","M","2020-08",96.63658,
"JPN","CCI","AMPLITUD","LTRENDIDX","M","2020-09",97.1263,
"JPN","CCI","AMPLITUD","LTRENDIDX","M","2020-10",97.38457,
"JPN","CCI","AMPLITUD","LTRENDIDX","M","2020-11",97.34979,
"JPN","CCI","AMPLITUD","LTRENDIDX","M","2020-12",97.13219,
"JPN","CCI","AMPLITUD","LTRENDIDX","M","2021-01",97.07721,
"JPN","CCI","AMPLITUD","LTRENDIDX","M","2021-02",97.4397,
"JPN","CCI","AMPLITUD","LTRENDIDX","M","2021-03",97.80957,
"JPN","CCI","AMPLITUD","LTRENDIDX","M","2021-04",97.95069,
"JPN","CCI","AMPLITUD","LTRENDIDX","M","2021-05",98.08882,
"JPN","CCI","AMPLITUD","LTRENDIDX","M","2021-06",98.37007,
"JPN","CCI","AMPLITUD","LTRENDIDX","M","2021-07",98.55118,
"JPN","CCI","AMPLITUD","LTRENDIDX","M","2021-08",98.66209,
"JPN","CCI","AMPLITUD","LTRENDIDX","M","2021-09",98.85354,
"JPN","CCI","AMPLITUD","LTRENDIDX","M","2021-10",99.05721,
"JPN","CCI","AMPLITUD","LTRENDIDX","M","2021-11",99.10902,
"JPN","CCI","AMPLITUD","LTRENDIDX","M","2021-12",98.9458,
"JPN","CCI","AMPLITUD","LTRENDIDX","M","2022-01",98.55354,
"JPN","CCI","AMPLITUD","LTRENDIDX","M","2022-02",98.10196,
"OECD","CCI","AMPLITUD","LTRENDIDX","M","2014-01",99.55331,
"OECD","CCI","AMPLITUD","LTRENDIDX","M","2014-02",99.6071,
"OECD","CCI","AMPLITUD","LTRENDIDX","M","2014-03",99.70309,
"OECD","CCI","AMPLITUD","LTRENDIDX","M","2014-04",99.82348,
"OECD","CCI","AMPLITUD","LTRENDIDX","M","2014-05",99.88539,
"OECD","CCI","AMPLITUD","LTRENDIDX","M","2014-06",99.89571,
"OECD","CCI","AMPLITUD","LTRENDIDX","M","2014-07",99.86317,
"OECD","CCI","AMPLITUD","LTRENDIDX","M","2014-08",99.84904,
"OECD","CCI","AMPLITUD","LTRENDIDX","M","2014-09",99.87178,
"OECD","CCI","AMPLITUD","LTRENDIDX","M","2014-10",99.94074,
"OECD","CCI","AMPLITUD","LTRENDIDX","M","2014-11",100.0581,
"OECD","CCI","AMPLITUD","LTRENDIDX","M","2014-12",100.253,
"OECD","CCI","AMPLITUD","LTRENDIDX","M","2015-01",100.4462,
"OECD","CCI","AMPLITUD","LTRENDIDX","M","2015-02",100.556,
"OECD","CCI","AMPLITUD","LTRENDIDX","M","2015-03",100.595,
"OECD","CCI","AMPLITUD","LTRENDIDX","M","2015-04",100.5905,
"OECD","CCI","AMPLITUD","LTRENDIDX","M","2015-05",100.5286,
"OECD","CCI","AMPLITUD","LTRENDIDX","M","2015-06",100.4807,
"OECD","CCI","AMPLITUD","LTRENDIDX","M","2015-07",100.3712,
"OECD","CCI","AMPLITUD","LTRENDIDX","M","2015-08",100.2851,
"OECD","CCI","AMPLITUD","LTRENDIDX","M","2015-09",100.2648,
"OECD","CCI","AMPLITUD","LTRENDIDX","M","2015-10",100.3909,
"OECD","CCI","AMPLITUD","LTRENDIDX","M","2015-11",100.5458,
"OECD","CCI","AMPLITUD","LTRENDIDX","M","2015-12",100.5949,
"OECD","CCI","AMPLITUD","LTRENDIDX","M","2016-01",100.5058,
"OECD","CCI","AMPLITUD","LTRENDIDX","M","2016-02",100.3679,
"OECD","CCI","AMPLITUD","LTRENDIDX","M","2016-03",100.2825,
"OECD","CCI","AMPLITUD","LTRENDIDX","M","2016-04",100.283,
"OECD","CCI","AMPLITUD","LTRENDIDX","M","2016-05",100.3471,
"OECD","CCI","AMPLITUD","LTRENDIDX","M","2016-06",100.3438,
"OECD","CCI","AMPLITUD","LTRENDIDX","M","2016-07",100.2727,
"OECD","CCI","AMPLITUD","LTRENDIDX","M","2016-08",100.2682,
"OECD","CCI","AMPLITUD","LTRENDIDX","M","2016-09",100.3128,
"OECD","CCI","AMPLITUD","LTRENDIDX","M","2016-10",100.3575,
"OECD","CCI","AMPLITUD","LTRENDIDX","M","2016-11",100.436,
"OECD","CCI","AMPLITUD","LTRENDIDX","M","2016-12",100.4937,
"OECD","CCI","AMPLITUD","LTRENDIDX","M","2017-01",100.48,
"OECD","CCI","AMPLITUD","LTRENDIDX","M","2017-02",100.4923,
"OECD","CCI","AMPLITUD","LTRENDIDX","M","2017-03",100.5816,
"OECD","CCI","AMPLITUD","LTRENDIDX","M","2017-04",100.6917,
"OECD","CCI","AMPLITUD","LTRENDIDX","M","2017-05",100.7791,
"OECD","CCI","AMPLITUD","LTRENDIDX","M","2017-06",100.8199,
"OECD","CCI","AMPLITUD","LTRENDIDX","M","2017-07",100.868,
"OECD","CCI","AMPLITUD","LTRENDIDX","M","2017-08",100.9447,
"OECD","CCI","AMPLITUD","LTRENDIDX","M","2017-09",101.0266,
"OECD","CCI","AMPLITUD","LTRENDIDX","M","2017-10",101.1211,
"OECD","CCI","AMPLITUD","LTRENDIDX","M","2017-11",101.1493,
"OECD","CCI","AMPLITUD","LTRENDIDX","M","2017-12",101.1422,
"OECD","CCI","AMPLITUD","LTRENDIDX","M","2018-01",101.1446,
"OECD","CCI","AMPLITUD","LTRENDIDX","M","2018-02",101.1697,
"OECD","CCI","AMPLITUD","LTRENDIDX","M","2018-03",101.1788,
"OECD","CCI","AMPLITUD","LTRENDIDX","M","2018-04",101.1613,
"OECD","CCI","AMPLITUD","LTRENDIDX","M","2018-05",101.1591,
"OECD","CCI","AMPLITUD","LTRENDIDX","M","2018-06",101.1772,
"OECD","CCI","AMPLITUD","LTRENDIDX","M","2018-07",101.198,
"OECD","CCI","AMPLITUD","LTRENDIDX","M","2018-08",101.1407,
"OECD","CCI","AMPLITUD","LTRENDIDX","M","2018-09",101.0516,
"OECD","CCI","AMPLITUD","LTRENDIDX","M","2018-10",100.9359,
"OECD","CCI","AMPLITUD","LTRENDIDX","M","2018-11",100.8083,
"OECD","CCI","AMPLITUD","LTRENDIDX","M","2018-12",100.7109,
"OECD","CCI","AMPLITUD","LTRENDIDX","M","2019-01",100.6699,
"OECD","CCI","AMPLITUD","LTRENDIDX","M","2019-02",100.7429,
"OECD","CCI","AMPLITUD","LTRENDIDX","M","2019-03",100.829,
"OECD","CCI","AMPLITUD","LTRENDIDX","M","2019-04",100.8438,
"OECD","CCI","AMPLITUD","LTRENDIDX","M","2019-05",100.8145,
"OECD","CCI","AMPLITUD","LTRENDIDX","M","2019-06",100.7204,
"OECD","CCI","AMPLITUD","LTRENDIDX","M","2019-07",100.5874,
"OECD","CCI","AMPLITUD","LTRENDIDX","M","2019-08",100.427,
"OECD","CCI","AMPLITUD","LTRENDIDX","M","2019-09",100.4011,
"OECD","CCI","AMPLITUD","LTRENDIDX","M","2019-10",100.4711,
"OECD","CCI","AMPLITUD","LTRENDIDX","M","2019-11",100.615,
"OECD","CCI","AMPLITUD","LTRENDIDX","M","2019-12",100.7254,
"OECD","CCI","AMPLITUD","LTRENDIDX","M","2020-01",100.6617,
"OECD","CCI","AMPLITUD","LTRENDIDX","M","2020-02",100.1779,
"OECD","CCI","AMPLITUD","LTRENDIDX","M","2020-03",99.11259,
"OECD","CCI","AMPLITUD","LTRENDIDX","M","2020-04",97.95856,
"OECD","CCI","AMPLITUD","LTRENDIDX","M","2020-05",97.56459,
"OECD","CCI","AMPLITUD","LTRENDIDX","M","2020-06",97.72524,
"OECD","CCI","AMPLITUD","LTRENDIDX","M","2020-07",97.97016,
"OECD","CCI","AMPLITUD","LTRENDIDX","M","2020-08",98.21152,
"OECD","CCI","AMPLITUD","LTRENDIDX","M","2020-09",98.42828,
"OECD","CCI","AMPLITUD","LTRENDIDX","M","2020-10",98.50493,
"OECD","CCI","AMPLITUD","LTRENDIDX","M","2020-11",98.49787,
"OECD","CCI","AMPLITUD","LTRENDIDX","M","2020-12",98.59499,
"OECD","CCI","AMPLITUD","LTRENDIDX","M","2021-01",98.73387,
"OECD","CCI","AMPLITUD","LTRENDIDX","M","2021-02",99.04668,
"OECD","CCI","AMPLITUD","LTRENDIDX","M","2021-03",99.52997,
"OECD","CCI","AMPLITUD","LTRENDIDX","M","2021-04",99.92655,
"OECD","CCI","AMPLITUD","LTRENDIDX","M","2021-05",100.1774,
"OECD","CCI","AMPLITUD","LTRENDIDX","M","2021-06",100.3015,
"OECD","CCI","AMPLITUD","LTRENDIDX","M","2021-07",100.1796,
"OECD","CCI","AMPLITUD","LTRENDIDX","M","2021-08",99.9352,
"OECD","CCI","AMPLITUD","LTRENDIDX","M","2021-09",99.78431,
"OECD","CCI","AMPLITUD","LTRENDIDX","M","2021-10",99.6313,
"OECD","CCI","AMPLITUD","LTRENDIDX","M","2021-11",99.4319,
"OECD","CCI","AMPLITUD","LTRENDIDX","M","2021-12",99.20586,
"OECD","CCI","AMPLITUD","LTRENDIDX","M","2022-01",98.87033,
"OECD","CCI","AMPLITUD","LTRENDIDX","M","2022-02",98.37392,
"OECD","CCI","AMPLITUD","LTRENDIDX","M","2022-03",97.66939,
"GBR","CCI","AMPLITUD","LTRENDIDX","M","2014-01",100.4539,
"GBR","CCI","AMPLITUD","LTRENDIDX","M","2014-02",100.8104,
"GBR","CCI","AMPLITUD","LTRENDIDX","M","2014-03",101.1426,
"GBR","CCI","AMPLITUD","LTRENDIDX","M","2014-04",101.4086,
"GBR","CCI","AMPLITUD","LTRENDIDX","M","2014-05",101.5637,
"GBR","CCI","AMPLITUD","LTRENDIDX","M","2014-06",101.6516,
"GBR","CCI","AMPLITUD","LTRENDIDX","M","2014-07",101.6493,
"GBR","CCI","AMPLITUD","LTRENDIDX","M","2014-08",101.6335,
"GBR","CCI","AMPLITUD","LTRENDIDX","M","2014-09",101.4773,
"GBR","CCI","AMPLITUD","LTRENDIDX","M","2014-10",101.4014,
"GBR","CCI","AMPLITUD","LTRENDIDX","M","2014-11",101.3654,
"GBR","CCI","AMPLITUD","LTRENDIDX","M","2014-12",101.501,
"GBR","CCI","AMPLITUD","LTRENDIDX","M","2015-01",101.791,
"GBR","CCI","AMPLITUD","LTRENDIDX","M","2015-02",102.0611,
"GBR","CCI","AMPLITUD","LTRENDIDX","M","2015-03",102.2506,
"GBR","CCI","AMPLITUD","LTRENDIDX","M","2015-04",102.2438,
"GBR","CCI","AMPLITUD","LTRENDIDX","M","2015-05",102.1134,
"GBR","CCI","AMPLITUD","LTRENDIDX","M","2015-06",102.2552,
"GBR","CCI","AMPLITUD","LTRENDIDX","M","2015-07",102.3464,
"GBR","CCI","AMPLITUD","LTRENDIDX","M","2015-08",102.3245,
"GBR","CCI","AMPLITUD","LTRENDIDX","M","2015-09",102.2456,
"GBR","CCI","AMPLITUD","LTRENDIDX","M","2015-10",102.2293,
"GBR","CCI","AMPLITUD","LTRENDIDX","M","2015-11",102.2836,
"GBR","CCI","AMPLITUD","LTRENDIDX","M","2015-12",102.4732,
"GBR","CCI","AMPLITUD","LTRENDIDX","M","2016-01",102.484,
"GBR","CCI","AMPLITUD","LTRENDIDX","M","2016-02",102.2988,
"GBR","CCI","AMPLITUD","LTRENDIDX","M","2016-03",102.0849,
"GBR","CCI","AMPLITUD","LTRENDIDX","M","2016-04",101.8702,
"GBR","CCI","AMPLITUD","LTRENDIDX","M","2016-05",101.6292,
"GBR","CCI","AMPLITUD","LTRENDIDX","M","2016-06",101.2175,
"GBR","CCI","AMPLITUD","LTRENDIDX","M","2016-07",100.6642,
"GBR","CCI","AMPLITUD","LTRENDIDX","M","2016-08",100.6599,
"GBR","CCI","AMPLITUD","LTRENDIDX","M","2016-09",101.0209,
"GBR","CCI","AMPLITUD","LTRENDIDX","M","2016-10",101.1777,
"GBR","CCI","AMPLITUD","LTRENDIDX","M","2016-11",101.0877,
"GBR","CCI","AMPLITUD","LTRENDIDX","M","2016-12",101.0019,
"GBR","CCI","AMPLITUD","LTRENDIDX","M","2017-01",100.8925,
"GBR","CCI","AMPLITUD","LTRENDIDX","M","2017-02",100.7938,
"GBR","CCI","AMPLITUD","LTRENDIDX","M","2017-03",100.7584,
"GBR","CCI","AMPLITUD","LTRENDIDX","M","2017-04",100.727,
"GBR","CCI","AMPLITUD","LTRENDIDX","M","2017-05",100.6398,
"GBR","CCI","AMPLITUD","LTRENDIDX","M","2017-06",100.4682,
"GBR","CCI","AMPLITUD","LTRENDIDX","M","2017-07",100.4038,
"GBR","CCI","AMPLITUD","LTRENDIDX","M","2017-08",100.3423,
"GBR","CCI","AMPLITUD","LTRENDIDX","M","2017-09",100.3299,
"GBR","CCI","AMPLITUD","LTRENDIDX","M","2017-10",100.3701,
"GBR","CCI","AMPLITUD","LTRENDIDX","M","2017-11",100.3851,
"GBR","CCI","AMPLITUD","LTRENDIDX","M","2017-12",100.4047,
"GBR","CCI","AMPLITUD","LTRENDIDX","M","2018-01",100.4754,
"GBR","CCI","AMPLITUD","LTRENDIDX","M","2018-02",100.5895,
"GBR","CCI","AMPLITUD","LTRENDIDX","M","2018-03",100.6907,
"GBR","CCI","AMPLITUD","LTRENDIDX","M","2018-04",100.7384,
"GBR","CCI","AMPLITUD","LTRENDIDX","M","2018-05",100.8615,
"GBR","CCI","AMPLITUD","LTRENDIDX","M","2018-06",100.9028,
"GBR","CCI","AMPLITUD","LTRENDIDX","M","2018-07",100.9838,
"GBR","CCI","AMPLITUD","LTRENDIDX","M","2018-08",100.9029,
"GBR","CCI","AMPLITUD","LTRENDIDX","M","2018-09",100.7168,
"GBR","CCI","AMPLITUD","LTRENDIDX","M","2018-10",100.5157,
"GBR","CCI","AMPLITUD","LTRENDIDX","M","2018-11",100.253,
"GBR","CCI","AMPLITUD","LTRENDIDX","M","2018-12",99.94601,
"GBR","CCI","AMPLITUD","LTRENDIDX","M","2019-01",99.65872,
"GBR","CCI","AMPLITUD","LTRENDIDX","M","2019-02",99.52847,
"GBR","CCI","AMPLITUD","LTRENDIDX","M","2019-03",99.51839,
"GBR","CCI","AMPLITUD","LTRENDIDX","M","2019-04",99.67496,
"GBR","CCI","AMPLITUD","LTRENDIDX","M","2019-05",99.90888,
"GBR","CCI","AMPLITUD","LTRENDIDX","M","2019-06",99.99131,
"GBR","CCI","AMPLITUD","LTRENDIDX","M","2019-07",100.0332,
"GBR","CCI","AMPLITUD","LTRENDIDX","M","2019-08",99.84232,
"GBR","CCI","AMPLITUD","LTRENDIDX","M","2019-09",99.79876,
"GBR","CCI","AMPLITUD","LTRENDIDX","M","2019-10",99.89914,
"GBR","CCI","AMPLITUD","LTRENDIDX","M","2019-11",100.208,
"GBR","CCI","AMPLITUD","LTRENDIDX","M","2019-12",100.5533,
"GBR","CCI","AMPLITUD","LTRENDIDX","M","2020-01",100.6767,
"GBR","CCI","AMPLITUD","LTRENDIDX","M","2020-02",100.3206,
"GBR","CCI","AMPLITUD","LTRENDIDX","M","2020-03",99.25781,
"GBR","CCI","AMPLITUD","LTRENDIDX","M","2020-04",97.72436,
"GBR","CCI","AMPLITUD","LTRENDIDX","M","2020-05",96.97243,
"GBR","CCI","AMPLITUD","LTRENDIDX","M","2020-06",97.11053,
"GBR","CCI","AMPLITUD","LTRENDIDX","M","2020-07",97.6007,
"GBR","CCI","AMPLITUD","LTRENDIDX","M","2020-08",97.80815,
"GBR","CCI","AMPLITUD","LTRENDIDX","M","2020-09",97.63184,
"GBR","CCI","AMPLITUD","LTRENDIDX","M","2020-10",97.29705,
"GBR","CCI","AMPLITUD","LTRENDIDX","M","2020-11",97.20054,
"GBR","CCI","AMPLITUD","LTRENDIDX","M","2020-12",97.60854,
"GBR","CCI","AMPLITUD","LTRENDIDX","M","2021-01",98.19289,
"GBR","CCI","AMPLITUD","LTRENDIDX","M","2021-02",99.25325,
"GBR","CCI","AMPLITUD","LTRENDIDX","M","2021-03",100.5469,
"GBR","CCI","AMPLITUD","LTRENDIDX","M","2021-04",101.5655,
"GBR","CCI","AMPLITUD","LTRENDIDX","M","2021-05",102.3433,
"GBR","CCI","AMPLITUD","LTRENDIDX","M","2021-06",102.6929,
"GBR","CCI","AMPLITUD","LTRENDIDX","M","2021-07",102.6374,
"GBR","CCI","AMPLITUD","LTRENDIDX","M","2021-08",102.1247,
"GBR","CCI","AMPLITUD","LTRENDIDX","M","2021-09",101.2739,
"GBR","CCI","AMPLITUD","LTRENDIDX","M","2021-10",100.5694,
"GBR","CCI","AMPLITUD","LTRENDIDX","M","2021-11",100.2474,
"GBR","CCI","AMPLITUD","LTRENDIDX","M","2021-12",99.79033,
"GBR","CCI","AMPLITUD","LTRENDIDX","M","2022-01",98.82189,
"GBR","CCI","AMPLITUD","LTRENDIDX","M","2022-02",97.3732,
"GBR","CCI","AMPLITUD","LTRENDIDX","M","2022-03",95.8323,
"USA","CCI","AMPLITUD","LTRENDIDX","M","2014-01",99.28432,
"USA","CCI","AMPLITUD","LTRENDIDX","M","2014-02",99.36016,
"USA","CCI","AMPLITUD","LTRENDIDX","M","2014-03",99.39506,
"USA","CCI","AMPLITUD","LTRENDIDX","M","2014-04",99.47407,
"USA","CCI","AMPLITUD","LTRENDIDX","M","2014-05",99.45933,
"USA","CCI","AMPLITUD","LTRENDIDX","M","2014-06",99.43075,
"USA","CCI","AMPLITUD","LTRENDIDX","M","2014-07",99.42189,
"USA","CCI","AMPLITUD","LTRENDIDX","M","2014-08",99.52459,
"USA","CCI","AMPLITUD","LTRENDIDX","M","2014-09",99.74573,
"USA","CCI","AMPLITUD","LTRENDIDX","M","2014-10",100.0566,
"USA","CCI","AMPLITUD","LTRENDIDX","M","2014-11",100.4381,
"USA","CCI","AMPLITUD","LTRENDIDX","M","2014-12",100.861,
"USA","CCI","AMPLITUD","LTRENDIDX","M","2015-01",101.146,
"USA","CCI","AMPLITUD","LTRENDIDX","M","2015-02",101.1485,
"USA","CCI","AMPLITUD","LTRENDIDX","M","2015-03",101.0444,
"USA","CCI","AMPLITUD","LTRENDIDX","M","2015-04",100.9854,
"USA","CCI","AMPLITUD","LTRENDIDX","M","2015-05",100.8987,
"USA","CCI","AMPLITUD","LTRENDIDX","M","2015-06",100.9139,
"USA","CCI","AMPLITUD","LTRENDIDX","M","2015-07",100.7902,
"USA","CCI","AMPLITUD","LTRENDIDX","M","2015-08",100.5859,
"USA","CCI","AMPLITUD","LTRENDIDX","M","2015-09",100.4018,
"USA","CCI","AMPLITUD","LTRENDIDX","M","2015-10",100.4333,
"USA","CCI","AMPLITUD","LTRENDIDX","M","2015-11",100.5589,
"USA","CCI","AMPLITUD","LTRENDIDX","M","2015-12",100.6636,
"USA","CCI","AMPLITUD","LTRENDIDX","M","2016-01",100.6777,
"USA","CCI","AMPLITUD","LTRENDIDX","M","2016-02",100.6374,
"USA","CCI","AMPLITUD","LTRENDIDX","M","2016-03",100.5945,
"USA","CCI","AMPLITUD","LTRENDIDX","M","2016-04",100.6183,
"USA","CCI","AMPLITUD","LTRENDIDX","M","2016-05",100.7502,
"USA","CCI","AMPLITUD","LTRENDIDX","M","2016-06",100.7264,
"USA","CCI","AMPLITUD","LTRENDIDX","M","2016-07",100.5683,
"USA","CCI","AMPLITUD","LTRENDIDX","M","2016-08",100.4541,
"USA","CCI","AMPLITUD","LTRENDIDX","M","2016-09",100.4334,
"USA","CCI","AMPLITUD","LTRENDIDX","M","2016-10",100.5163,
"USA","CCI","AMPLITUD","LTRENDIDX","M","2016-11",100.8713,
"USA","CCI","AMPLITUD","LTRENDIDX","M","2016-12",101.2351,
"USA","CCI","AMPLITUD","LTRENDIDX","M","2017-01",101.3949,
"USA","CCI","AMPLITUD","LTRENDIDX","M","2017-02",101.3816,
"USA","CCI","AMPLITUD","LTRENDIDX","M","2017-03",101.3487,
"USA","CCI","AMPLITUD","LTRENDIDX","M","2017-04",101.306,
"USA","CCI","AMPLITUD","LTRENDIDX","M","2017-05",101.2292,
"USA","CCI","AMPLITUD","LTRENDIDX","M","2017-06",101.1151,
"USA","CCI","AMPLITUD","LTRENDIDX","M","2017-07",101.0709,
"USA","CCI","AMPLITUD","LTRENDIDX","M","2017-08",101.1749,
"USA","CCI","AMPLITUD","LTRENDIDX","M","2017-09",101.3051,
"USA","CCI","AMPLITUD","LTRENDIDX","M","2017-10",101.4664,
"USA","CCI","AMPLITUD","LTRENDIDX","M","2017-11",101.4448,
"USA","CCI","AMPLITUD","LTRENDIDX","M","2017-12",101.3558,
"USA","CCI","AMPLITUD","LTRENDIDX","M","2018-01",101.3874,
"USA","CCI","AMPLITUD","LTRENDIDX","M","2018-02",101.5592,
"USA","CCI","AMPLITUD","LTRENDIDX","M","2018-03",101.666,
"USA","CCI","AMPLITUD","LTRENDIDX","M","2018-04",101.6123,
"USA","CCI","AMPLITUD","LTRENDIDX","M","2018-05",101.5217,
"USA","CCI","AMPLITUD","LTRENDIDX","M","2018-06",101.4605,
"USA","CCI","AMPLITUD","LTRENDIDX","M","2018-07",101.4273,
"USA","CCI","AMPLITUD","LTRENDIDX","M","2018-08",101.4392,
"USA","CCI","AMPLITUD","LTRENDIDX","M","2018-09",101.527,
"USA","CCI","AMPLITUD","LTRENDIDX","M","2018-10",101.5083,
"USA","CCI","AMPLITUD","LTRENDIDX","M","2018-11",101.3932,
"USA","CCI","AMPLITUD","LTRENDIDX","M","2018-12",101.2136,
"USA","CCI","AMPLITUD","LTRENDIDX","M","2019-01",100.9986,
"USA","CCI","AMPLITUD","LTRENDIDX","M","2019-02",101.0557,
"USA","CCI","AMPLITUD","LTRENDIDX","M","2019-03",101.2852,
"USA","CCI","AMPLITUD","LTRENDIDX","M","2019-04",101.4534,
"USA","CCI","AMPLITUD","LTRENDIDX","M","2019-05",101.5459,
"USA","CCI","AMPLITUD","LTRENDIDX","M","2019-06",101.4472,
"USA","CCI","AMPLITUD","LTRENDIDX","M","2019-07",101.2032,
"USA","CCI","AMPLITUD","LTRENDIDX","M","2019-08",100.8915,
"USA","CCI","AMPLITUD","LTRENDIDX","M","2019-09",100.8915,
"USA","CCI","AMPLITUD","LTRENDIDX","M","2019-10",101.105,
"USA","CCI","AMPLITUD","LTRENDIDX","M","2019-11",101.3877,
"USA","CCI","AMPLITUD","LTRENDIDX","M","2019-12",101.6274,
"USA","CCI","AMPLITUD","LTRENDIDX","M","2020-01",101.6257,
"USA","CCI","AMPLITUD","LTRENDIDX","M","2020-02",101.1753,
"USA","CCI","AMPLITUD","LTRENDIDX","M","2020-03",100.1252,
"USA","CCI","AMPLITUD","LTRENDIDX","M","2020-04",98.98309,
"USA","CCI","AMPLITUD","LTRENDIDX","M","2020-05",98.45696,
"USA","CCI","AMPLITUD","LTRENDIDX","M","2020-06",98.40458,
"USA","CCI","AMPLITUD","LTRENDIDX","M","2020-07",98.42278,
"USA","CCI","AMPLITUD","LTRENDIDX","M","2020-08",98.63511,
"USA","CCI","AMPLITUD","LTRENDIDX","M","2020-09",98.96383,
"USA","CCI","AMPLITUD","LTRENDIDX","M","2020-10",99.12031,
"USA","CCI","AMPLITUD","LTRENDIDX","M","2020-11",99.07497,
"USA","CCI","AMPLITUD","LTRENDIDX","M","2020-12",99.07819,
"USA","CCI","AMPLITUD","LTRENDIDX","M","2021-01",99.0846,
"USA","CCI","AMPLITUD","LTRENDIDX","M","2021-02",99.23148,
"USA","CCI","AMPLITUD","LTRENDIDX","M","2021-03",99.61689,
"USA","CCI","AMPLITUD","LTRENDIDX","M","2021-04",99.87392,
"USA","CCI","AMPLITUD","LTRENDIDX","M","2021-05",99.81203,
"USA","CCI","AMPLITUD","LTRENDIDX","M","2021-06",99.59095,
"USA","CCI","AMPLITUD","LTRENDIDX","M","2021-07",99.09814,
"USA","CCI","AMPLITUD","LTRENDIDX","M","2021-08",98.49942,
"USA","CCI","AMPLITUD","LTRENDIDX","M","2021-09",98.18671,
"USA","CCI","AMPLITUD","LTRENDIDX","M","2021-10",97.99509,
"USA","CCI","AMPLITUD","LTRENDIDX","M","2021-11",97.83244,
"USA","CCI","AMPLITUD","LTRENDIDX","M","2021-12",97.73159,
"USA","CCI","AMPLITUD","LTRENDIDX","M","2022-01",97.46789,
"USA","CCI","AMPLITUD","LTRENDIDX","M","2022-02",97.06573,
"USA","CCI","AMPLITUD","LTRENDIDX","M","2022-03",96.63126,
"G-7","CCI","AMPLITUD","LTRENDIDX","M","2014-01",99.41758,
"G-7","CCI","AMPLITUD","LTRENDIDX","M","2014-02",99.47627,
"G-7","CCI","AMPLITUD","LTRENDIDX","M","2014-03",99.54173,
"G-7","CCI","AMPLITUD","LTRENDIDX","M","2014-04",99.65189,
"G-7","CCI","AMPLITUD","LTRENDIDX","M","2014-05",99.7224,
"G-7","CCI","AMPLITUD","LTRENDIDX","M","2014-06",99.74475,
"G-7","CCI","AMPLITUD","LTRENDIDX","M","2014-07",99.72985,
"G-7","CCI","AMPLITUD","LTRENDIDX","M","2014-08",99.73037,
"G-7","CCI","AMPLITUD","LTRENDIDX","M","2014-09",99.7725,
"G-7","CCI","AMPLITUD","LTRENDIDX","M","2014-10",99.88014,
"G-7","CCI","AMPLITUD","LTRENDIDX","M","2014-11",100.0566,
"G-7","CCI","AMPLITUD","LTRENDIDX","M","2014-12",100.3242,
"G-7","CCI","AMPLITUD","LTRENDIDX","M","2015-01",100.576,
"G-7","CCI","AMPLITUD","LTRENDIDX","M","2015-02",100.701,
"G-7","CCI","AMPLITUD","LTRENDIDX","M","2015-03",100.7379,
"G-7","CCI","AMPLITUD","LTRENDIDX","M","2015-04",100.724,
"G-7","CCI","AMPLITUD","LTRENDIDX","M","2015-05",100.6561,
"G-7","CCI","AMPLITUD","LTRENDIDX","M","2015-06",100.6506,
"G-7","CCI","AMPLITUD","LTRENDIDX","M","2015-07",100.5747,
"G-7","CCI","AMPLITUD","LTRENDIDX","M","2015-08",100.4918,
"G-7","CCI","AMPLITUD","LTRENDIDX","M","2015-09",100.4385,
"G-7","CCI","AMPLITUD","LTRENDIDX","M","2015-10",100.5114,
"G-7","CCI","AMPLITUD","LTRENDIDX","M","2015-11",100.6186,
"G-7","CCI","AMPLITUD","LTRENDIDX","M","2015-12",100.6652,
"G-7","CCI","AMPLITUD","LTRENDIDX","M","2016-01",100.6103,
"G-7","CCI","AMPLITUD","LTRENDIDX","M","2016-02",100.5035,
"G-7","CCI","AMPLITUD","LTRENDIDX","M","2016-03",100.439,
"G-7","CCI","AMPLITUD","LTRENDIDX","M","2016-04",100.4495,
"G-7","CCI","AMPLITUD","LTRENDIDX","M","2016-05",100.5331,
"G-7","CCI","AMPLITUD","LTRENDIDX","M","2016-06",100.5221,
"G-7","CCI","AMPLITUD","LTRENDIDX","M","2016-07",100.4261,
"G-7","CCI","AMPLITUD","LTRENDIDX","M","2016-08",100.3781,
"G-7","CCI","AMPLITUD","LTRENDIDX","M","2016-09",100.4019,
"G-7","CCI","AMPLITUD","LTRENDIDX","M","2016-10",100.4632,
"G-7","CCI","AMPLITUD","LTRENDIDX","M","2016-11",100.6565,
"G-7","CCI","AMPLITUD","LTRENDIDX","M","2016-12",100.8652,
"G-7","CCI","AMPLITUD","LTRENDIDX","M","2017-01",100.9492,
"G-7","CCI","AMPLITUD","LTRENDIDX","M","2017-02",100.9347,
"G-7","CCI","AMPLITUD","LTRENDIDX","M","2017-03",100.9314,
"G-7","CCI","AMPLITUD","LTRENDIDX","M","2017-04",100.9323,
"G-7","CCI","AMPLITUD","LTRENDIDX","M","2017-05",100.9329,
"G-7","CCI","AMPLITUD","LTRENDIDX","M","2017-06",100.9178,
"G-7","CCI","AMPLITUD","LTRENDIDX","M","2017-07",100.9355,
"G-7","CCI","AMPLITUD","LTRENDIDX","M","2017-08",101.0187,
"G-7","CCI","AMPLITUD","LTRENDIDX","M","2017-09",101.1207,
"G-7","CCI","AMPLITUD","LTRENDIDX","M","2017-10",101.2578,
"G-7","CCI","AMPLITUD","LTRENDIDX","M","2017-11",101.3019,
"G-7","CCI","AMPLITUD","LTRENDIDX","M","2017-12",101.2868,
"G-7","CCI","AMPLITUD","LTRENDIDX","M","2018-01",101.2866,
"G-7","CCI","AMPLITUD","LTRENDIDX","M","2018-02",101.3327,
"G-7","CCI","AMPLITUD","LTRENDIDX","M","2018-03",101.3551,
"G-7","CCI","AMPLITUD","LTRENDIDX","M","2018-04",101.2997,
"G-7","CCI","AMPLITUD","LTRENDIDX","M","2018-05",101.2338,
"G-7","CCI","AMPLITUD","LTRENDIDX","M","2018-06",101.1874,
"G-7","CCI","AMPLITUD","LTRENDIDX","M","2018-07",101.1688,
"G-7","CCI","AMPLITUD","LTRENDIDX","M","2018-08",101.1545,
"G-7","CCI","AMPLITUD","LTRENDIDX","M","2018-09",101.154,
"G-7","CCI","AMPLITUD","LTRENDIDX","M","2018-10",101.0877,
"G-7","CCI","AMPLITUD","LTRENDIDX","M","2018-11",100.9381,
"G-7","CCI","AMPLITUD","LTRENDIDX","M","2018-12",100.7597,
"G-7","CCI","AMPLITUD","LTRENDIDX","M","2019-01",100.6201,
"G-7","CCI","AMPLITUD","LTRENDIDX","M","2019-02",100.6459,
"G-7","CCI","AMPLITUD","LTRENDIDX","M","2019-03",100.7574,
"G-7","CCI","AMPLITUD","LTRENDIDX","M","2019-04",100.839,
"G-7","CCI","AMPLITUD","LTRENDIDX","M","2019-05",100.8887,
"G-7","CCI","AMPLITUD","LTRENDIDX","M","2019-06",100.8166,
"G-7","CCI","AMPLITUD","LTRENDIDX","M","2019-07",100.6711,
"G-7","CCI","AMPLITUD","LTRENDIDX","M","2019-08",100.4597,
"G-7","CCI","AMPLITUD","LTRENDIDX","M","2019-09",100.4331,
"G-7","CCI","AMPLITUD","LTRENDIDX","M","2019-10",100.5553,
"G-7","CCI","AMPLITUD","LTRENDIDX","M","2019-11",100.76,
"G-7","CCI","AMPLITUD","LTRENDIDX","M","2019-12",100.9153,
"G-7","CCI","AMPLITUD","LTRENDIDX","M","2020-01",100.8674,
"G-7","CCI","AMPLITUD","LTRENDIDX","M","2020-02",100.3823,
"G-7","CCI","AMPLITUD","LTRENDIDX","M","2020-03",99.31039,
"G-7","CCI","AMPLITUD","LTRENDIDX","M","2020-04",98.20277,
"G-7","CCI","AMPLITUD","LTRENDIDX","M","2020-05",97.82803,
"G-7","CCI","AMPLITUD","LTRENDIDX","M","2020-06",98.00268,
"G-7","CCI","AMPLITUD","LTRENDIDX","M","2020-07",98.23262,
"G-7","CCI","AMPLITUD","LTRENDIDX","M","2020-08",98.47622,
"G-7","CCI","AMPLITUD","LTRENDIDX","M","2020-09",98.68591,
"G-7","CCI","AMPLITUD","LTRENDIDX","M","2020-10",98.69855,
"G-7","CCI","AMPLITUD","LTRENDIDX","M","2020-11",98.60536,
"G-7","CCI","AMPLITUD","LTRENDIDX","M","2020-12",98.6356,
"G-7","CCI","AMPLITUD","LTRENDIDX","M","2021-01",98.71274,
"G-7","CCI","AMPLITUD","LTRENDIDX","M","2021-02",99.00441,
"G-7","CCI","AMPLITUD","LTRENDIDX","M","2021-03",99.50085,
"G-7","CCI","AMPLITUD","LTRENDIDX","M","2021-04",99.89197,
"G-7","CCI","AMPLITUD","LTRENDIDX","M","2021-05",100.116,
"G-7","CCI","AMPLITUD","LTRENDIDX","M","2021-06",100.1989,
"G-7","CCI","AMPLITUD","LTRENDIDX","M","2021-07",99.99966,
"G-7","CCI","AMPLITUD","LTRENDIDX","M","2021-08",99.65254,
"G-7","CCI","AMPLITUD","LTRENDIDX","M","2021-09",99.44901,
"G-7","CCI","AMPLITUD","LTRENDIDX","M","2021-10",99.30136,
"G-7","CCI","AMPLITUD","LTRENDIDX","M","2021-11",99.14537,
"G-7","CCI","AMPLITUD","LTRENDIDX","M","2021-12",98.95632,
"G-7","CCI","AMPLITUD","LTRENDIDX","M","2022-01",98.59094,
"G-7","CCI","AMPLITUD","LTRENDIDX","M","2022-02",98.04176,
"G-7","CCI","AMPLITUD","LTRENDIDX","M","2022-03",97.33489,
"ITA","CCI","AMPLITUD","LTRENDIDX","M","2014-01",97.62431,
"ITA","CCI","AMPLITUD","LTRENDIDX","M","2014-02",97.98657,
"ITA","CCI","AMPLITUD","LTRENDIDX","M","2014-03",98.616,
"ITA","CCI","AMPLITUD","LTRENDIDX","M","2014-04",99.31494,
"ITA","CCI","AMPLITUD","LTRENDIDX","M","2014-05",99.73483,
"ITA","CCI","AMPLITUD","LTRENDIDX","M","2014-06",99.58253,
"ITA","CCI","AMPLITUD","LTRENDIDX","M","2014-07",99.13212,
"ITA","CCI","AMPLITUD","LTRENDIDX","M","2014-08",98.71165,
"ITA","CCI","AMPLITUD","LTRENDIDX","M","2014-09",98.54129,
"ITA","CCI","AMPLITUD","LTRENDIDX","M","2014-10",98.46162,
"ITA","CCI","AMPLITUD","LTRENDIDX","M","2014-11",98.37018,
"ITA","CCI","AMPLITUD","LTRENDIDX","M","2014-12",98.43427,
"ITA","CCI","AMPLITUD","LTRENDIDX","M","2015-01",98.8363,
"ITA","CCI","AMPLITUD","LTRENDIDX","M","2015-02",99.41689,
"ITA","CCI","AMPLITUD","LTRENDIDX","M","2015-03",99.752,
"ITA","CCI","AMPLITUD","LTRENDIDX","M","2015-04",99.79694,
"ITA","CCI","AMPLITUD","LTRENDIDX","M","2015-05",99.71101,
"ITA","CCI","AMPLITUD","LTRENDIDX","M","2015-06",99.62623,
"ITA","CCI","AMPLITUD","LTRENDIDX","M","2015-07",99.65334,
"ITA","CCI","AMPLITUD","LTRENDIDX","M","2015-08",100.0199,
"ITA","CCI","AMPLITUD","LTRENDIDX","M","2015-09",100.6171,
"ITA","CCI","AMPLITUD","LTRENDIDX","M","2015-10",101.2192,
"ITA","CCI","AMPLITUD","LTRENDIDX","M","2015-11",101.5781,
"ITA","CCI","AMPLITUD","LTRENDIDX","M","2015-12",101.6466,
"ITA","CCI","AMPLITUD","LTRENDIDX","M","2016-01",101.5126,
"ITA","CCI","AMPLITUD","LTRENDIDX","M","2016-02",101.197,
"ITA","CCI","AMPLITUD","LTRENDIDX","M","2016-03",100.8683,
"ITA","CCI","AMPLITUD","LTRENDIDX","M","2016-04",100.6518,
"ITA","CCI","AMPLITUD","LTRENDIDX","M","2016-05",100.4792,
"ITA","CCI","AMPLITUD","LTRENDIDX","M","2016-06",100.4382,
"ITA","CCI","AMPLITUD","LTRENDIDX","M","2016-07",100.413,
"ITA","CCI","AMPLITUD","LTRENDIDX","M","2016-08",100.125,
"ITA","CCI","AMPLITUD","LTRENDIDX","M","2016-09",99.82352,
"ITA","CCI","AMPLITUD","LTRENDIDX","M","2016-10",99.77523,
"ITA","CCI","AMPLITUD","LTRENDIDX","M","2016-11",99.84689,
"ITA","CCI","AMPLITUD","LTRENDIDX","M","2016-12",99.95285,
"ITA","CCI","AMPLITUD","LTRENDIDX","M","2017-01",99.93027,
"ITA","CCI","AMPLITUD","LTRENDIDX","M","2017-02",99.69926,
"ITA","CCI","AMPLITUD","LTRENDIDX","M","2017-03",99.49854,
"ITA","CCI","AMPLITUD","LTRENDIDX","M","2017-04",99.26443,
"ITA","CCI","AMPLITUD","LTRENDIDX","M","2017-05",99.09795,
"ITA","CCI","AMPLITUD","LTRENDIDX","M","2017-06",99.0728,
"ITA","CCI","AMPLITUD","LTRENDIDX","M","2017-07",99.40197,
"ITA","CCI","AMPLITUD","LTRENDIDX","M","2017-08",99.98366,
"ITA","CCI","AMPLITUD","LTRENDIDX","M","2017-09",100.5246,
"ITA","CCI","AMPLITUD","LTRENDIDX","M","2017-10",100.8904,
"ITA","CCI","AMPLITUD","LTRENDIDX","M","2017-11",101.0965,
"ITA","CCI","AMPLITUD","LTRENDIDX","M","2017-12",101.2626,
"ITA","CCI","AMPLITUD","LTRENDIDX","M","2018-01",101.2458,
"ITA","CCI","AMPLITUD","LTRENDIDX","M","2018-02",101.168,
"ITA","CCI","AMPLITUD","LTRENDIDX","M","2018-03",101.1386,
"ITA","CCI","AMPLITUD","LTRENDIDX","M","2018-04",101.2,
"ITA","CCI","AMPLITUD","LTRENDIDX","M","2018-05",101.2499,
"ITA","CCI","AMPLITUD","LTRENDIDX","M","2018-06",101.4865,
"ITA","CCI","AMPLITUD","LTRENDIDX","M","2018-07",101.6922,
"ITA","CCI","AMPLITUD","LTRENDIDX","M","2018-08",101.743,
"ITA","CCI","AMPLITUD","LTRENDIDX","M","2018-09",101.7221,
"ITA","CCI","AMPLITUD","LTRENDIDX","M","2018-10",101.6559,
"ITA","CCI","AMPLITUD","LTRENDIDX","M","2018-11",101.5354,
"ITA","CCI","AMPLITUD","LTRENDIDX","M","2018-12",101.435,
"ITA","CCI","AMPLITUD","LTRENDIDX","M","2019-01",101.2876,
"ITA","CCI","AMPLITUD","LTRENDIDX","M","2019-02",101.0377,
"ITA","CCI","AMPLITUD","LTRENDIDX","M","2019-03",100.8157,
"ITA","CCI","AMPLITUD","LTRENDIDX","M","2019-04",100.735,
"ITA","CCI","AMPLITUD","LTRENDIDX","M","2019-05",100.7682,
"ITA","CCI","AMPLITUD","LTRENDIDX","M","2019-06",100.7478,
"ITA","CCI","AMPLITUD","LTRENDIDX","M","2019-07",100.7324,
"ITA","CCI","AMPLITUD","LTRENDIDX","M","2019-08",100.5478,
"ITA","CCI","AMPLITUD","LTRENDIDX","M","2019-09",100.3352,
"ITA","CCI","AMPLITUD","LTRENDIDX","M","2019-10",100.2027,
"ITA","CCI","AMPLITUD","LTRENDIDX","M","2019-11",100.1722,
"ITA","CCI","AMPLITUD","LTRENDIDX","M","2019-12",100.3117,
"ITA","CCI","AMPLITUD","LTRENDIDX","M","2020-01",100.2865,
"ITA","CCI","AMPLITUD","LTRENDIDX","M","2020-02",99.80595,
"ITA","CCI","AMPLITUD","LTRENDIDX","M","2020-03",98.99387,
"ITA","CCI","AMPLITUD","LTRENDIDX","M","2020-04",98.63012,
"ITA","CCI","AMPLITUD","LTRENDIDX","M","2020-05",98.8327,
"ITA","CCI","AMPLITUD","LTRENDIDX","M","2020-06",99.39492,
"ITA","CCI","AMPLITUD","LTRENDIDX","M","2020-07",99.68931,
"ITA","CCI","AMPLITUD","LTRENDIDX","M","2020-08",99.80919,
"ITA","CCI","AMPLITUD","LTRENDIDX","M","2020-09",99.71525,
"ITA","CCI","AMPLITUD","LTRENDIDX","M","2020-10",99.38187,
"ITA","CCI","AMPLITUD","LTRENDIDX","M","2020-11",99.1839,
"ITA","CCI","AMPLITUD","LTRENDIDX","M","2020-12",99.40475,
"ITA","CCI","AMPLITUD","LTRENDIDX","M","2021-01",99.76884,
"ITA","CCI","AMPLITUD","LTRENDIDX","M","2021-02",100.259,
"ITA","CCI","AMPLITUD","LTRENDIDX","M","2021-03",100.8587,
"ITA","CCI","AMPLITUD","LTRENDIDX","M","2021-04",101.5682,
"ITA","CCI","AMPLITUD","LTRENDIDX","M","2021-05",102.3633,
"ITA","CCI","AMPLITUD","LTRENDIDX","M","2021-06",102.859,
"ITA","CCI","AMPLITUD","LTRENDIDX","M","2021-07",103.0049,
"ITA","CCI","AMPLITUD","LTRENDIDX","M","2021-08",102.9359,
"ITA","CCI","AMPLITUD","LTRENDIDX","M","2021-09",102.8792,
"ITA","CCI","AMPLITUD","LTRENDIDX","M","2021-10",102.8776,
"ITA","CCI","AMPLITUD","LTRENDIDX","M","2021-11",102.7393,
"ITA","CCI","AMPLITUD","LTRENDIDX","M","2021-12",102.3593,
"ITA","CCI","AMPLITUD","LTRENDIDX","M","2022-01",101.6714,
"ITA","CCI","AMPLITUD","LTRENDIDX","M","2022-02",100.7083,
"ITA","CCI","AMPLITUD","LTRENDIDX","M","2022-03",99.30481,
"DEU","CCI","AMPLITUD","LTRENDIDX","M","2014-01",101.488,
"DEU","CCI","AMPLITUD","LTRENDIDX","M","2014-02",101.5728,
"DEU","CCI","AMPLITUD","LTRENDIDX","M","2014-03",101.6204,
"DEU","CCI","AMPLITUD","LTRENDIDX","M","2014-04",101.6825,
"DEU","CCI","AMPLITUD","LTRENDIDX","M","2014-05",101.7706,
"DEU","CCI","AMPLITUD","LTRENDIDX","M","2014-06",101.7735,
"DEU","CCI","AMPLITUD","LTRENDIDX","M","2014-07",101.6774,
"DEU","CCI","AMPLITUD","LTRENDIDX","M","2014-08",101.5216,
"DEU","CCI","AMPLITUD","LTRENDIDX","M","2014-09",101.3918,
"DEU","CCI","AMPLITUD","LTRENDIDX","M","2014-10",101.3505,
"DEU","CCI","AMPLITUD","LTRENDIDX","M","2014-11",101.3199,
"DEU","CCI","AMPLITUD","LTRENDIDX","M","2014-12",101.3488,
"DEU","CCI","AMPLITUD","LTRENDIDX","M","2015-01",101.4181,
"DEU","CCI","AMPLITUD","LTRENDIDX","M","2015-02",101.5137,
"DEU","CCI","AMPLITUD","LTRENDIDX","M","2015-03",101.6196,
"DEU","CCI","AMPLITUD","LTRENDIDX","M","2015-04",101.6629,
"DEU","CCI","AMPLITUD","LTRENDIDX","M","2015-05",101.6341,
"DEU","CCI","AMPLITUD","LTRENDIDX","M","2015-06",101.5641,
"DEU","CCI","AMPLITUD","LTRENDIDX","M","2015-07",101.5123,
"DEU","CCI","AMPLITUD","LTRENDIDX","M","2015-08",101.4722,
"DEU","CCI","AMPLITUD","LTRENDIDX","M","2015-09",101.3405,
"DEU","CCI","AMPLITUD","LTRENDIDX","M","2015-10",101.184,
"DEU","CCI","AMPLITUD","LTRENDIDX","M","2015-11",101.1035,
"DEU","CCI","AMPLITUD","LTRENDIDX","M","2015-12",101.0825,
"DEU","CCI","AMPLITUD","LTRENDIDX","M","2016-01",101.0061,
"DEU","CCI","AMPLITUD","LTRENDIDX","M","2016-02",100.9282,
"DEU","CCI","AMPLITUD","LTRENDIDX","M","2016-03",100.9018,
"DEU","CCI","AMPLITUD","LTRENDIDX","M","2016-04",100.9538,
"DEU","CCI","AMPLITUD","LTRENDIDX","M","2016-05",101.0292,
"DEU","CCI","AMPLITUD","LTRENDIDX","M","2016-06",101.1247,
"DEU","CCI","AMPLITUD","LTRENDIDX","M","2016-07",101.2122,
"DEU","CCI","AMPLITUD","LTRENDIDX","M","2016-08",101.3293,
"DEU","CCI","AMPLITUD","LTRENDIDX","M","2016-09",101.4292,
"DEU","CCI","AMPLITUD","LTRENDIDX","M","2016-10",101.5109,
"DEU","CCI","AMPLITUD","LTRENDIDX","M","2016-11",101.5597,
"DEU","CCI","AMPLITUD","LTRENDIDX","M","2016-12",101.5279,
"DEU","CCI","AMPLITUD","LTRENDIDX","M","2017-01",101.4292,
"DEU","CCI","AMPLITUD","LTRENDIDX","M","2017-02",101.3298,
"DEU","CCI","AMPLITUD","LTRENDIDX","M","2017-03",101.3646,
"DEU","CCI","AMPLITUD","LTRENDIDX","M","2017-04",101.4875,
"DEU","CCI","AMPLITUD","LTRENDIDX","M","2017-05",101.6422,
"DEU","CCI","AMPLITUD","LTRENDIDX","M","2017-06",101.7828,
"DEU","CCI","AMPLITUD","LTRENDIDX","M","2017-07",101.8836,
"DEU","CCI","AMPLITUD","LTRENDIDX","M","2017-08",101.963,
"DEU","CCI","AMPLITUD","LTRENDIDX","M","2017-09",102.0645,
"DEU","CCI","AMPLITUD","LTRENDIDX","M","2017-10",102.1572,
"DEU","CCI","AMPLITUD","LTRENDIDX","M","2017-11",102.1775,
"DEU","CCI","AMPLITUD","LTRENDIDX","M","2017-12",102.1632,
"DEU","CCI","AMPLITUD","LTRENDIDX","M","2018-01",102.171,
"DEU","CCI","AMPLITUD","LTRENDIDX","M","2018-02",102.1474,
"DEU","CCI","AMPLITUD","LTRENDIDX","M","2018-03",102.0435,
"DEU","CCI","AMPLITUD","LTRENDIDX","M","2018-04",101.901,
"DEU","CCI","AMPLITUD","LTRENDIDX","M","2018-05",101.7707,
"DEU","CCI","AMPLITUD","LTRENDIDX","M","2018-06",101.6703,
"DEU","CCI","AMPLITUD","LTRENDIDX","M","2018-07",101.6325,
"DEU","CCI","AMPLITUD","LTRENDIDX","M","2018-08",101.7024,
"DEU","CCI","AMPLITUD","LTRENDIDX","M","2018-09",101.7706,
"DEU","CCI","AMPLITUD","LTRENDIDX","M","2018-10",101.7694,
"DEU","CCI","AMPLITUD","LTRENDIDX","M","2018-11",101.7081,
"DEU","CCI","AMPLITUD","LTRENDIDX","M","2018-12",101.6122,
"DEU","CCI","AMPLITUD","LTRENDIDX","M","2019-01",101.5642,
"DEU","CCI","AMPLITUD","LTRENDIDX","M","2019-02",101.5533,
"DEU","CCI","AMPLITUD","LTRENDIDX","M","2019-03",101.5227,
"DEU","CCI","AMPLITUD","LTRENDIDX","M","2019-04",101.4223,
"DEU","CCI","AMPLITUD","LTRENDIDX","M","2019-05",101.2593,
"DEU","CCI","AMPLITUD","LTRENDIDX","M","2019-06",101.0756,
"DEU","CCI","AMPLITUD","LTRENDIDX","M","2019-07",100.967,
"DEU","CCI","AMPLITUD","LTRENDIDX","M","2019-08",100.9175,
"DEU","CCI","AMPLITUD","LTRENDIDX","M","2019-09",100.9494,
"DEU","CCI","AMPLITUD","LTRENDIDX","M","2019-10",100.9666,
"DEU","CCI","AMPLITUD","LTRENDIDX","M","2019-11",101.0318,
"DEU","CCI","AMPLITUD","LTRENDIDX","M","2019-12",100.999,
"DEU","CCI","AMPLITUD","LTRENDIDX","M","2020-01",100.8809,
"DEU","CCI","AMPLITUD","LTRENDIDX","M","2020-02",100.5312,
"DEU","CCI","AMPLITUD","LTRENDIDX","M","2020-03",99.78426,
"DEU","CCI","AMPLITUD","LTRENDIDX","M","2020-04",99.00987,
"DEU","CCI","AMPLITUD","LTRENDIDX","M","2020-05",98.83287,
"DEU","CCI","AMPLITUD","LTRENDIDX","M","2020-06",99.12024,
"DEU","CCI","AMPLITUD","LTRENDIDX","M","2020-07",99.4663,
"DEU","CCI","AMPLITUD","LTRENDIDX","M","2020-08",99.72707,
"DEU","CCI","AMPLITUD","LTRENDIDX","M","2020-09",99.77695,
"DEU","CCI","AMPLITUD","LTRENDIDX","M","2020-10",99.6178,
"DEU","CCI","AMPLITUD","LTRENDIDX","M","2020-11",99.37004,
"DEU","CCI","AMPLITUD","LTRENDIDX","M","2020-12",99.18537,
"DEU","CCI","AMPLITUD","LTRENDIDX","M","2021-01",99.06302,
"DEU","CCI","AMPLITUD","LTRENDIDX","M","2021-02",99.26047,
"DEU","CCI","AMPLITUD","LTRENDIDX","M","2021-03",99.69669,
"DEU","CCI","AMPLITUD","LTRENDIDX","M","2021-04",100.1656,
"DEU","CCI","AMPLITUD","LTRENDIDX","M","2021-05",100.6807,
"DEU","CCI","AMPLITUD","LTRENDIDX","M","2021-06",101.0673,
"DEU","CCI","AMPLITUD","LTRENDIDX","M","2021-07",101.1876,
"DEU","CCI","AMPLITUD","LTRENDIDX","M","2021-08",101.1906,
"DEU","CCI","AMPLITUD","LTRENDIDX","M","2021-09",101.2279,
"DEU","CCI","AMPLITUD","LTRENDIDX","M","2021-10",101.1418,
"DEU","CCI","AMPLITUD","LTRENDIDX","M","2021-11",100.9217,
"DEU","CCI","AMPLITUD","LTRENDIDX","M","2021-12",100.7078,
"DEU","CCI","AMPLITUD","LTRENDIDX","M","2022-01",100.5182,
"DEU","CCI","AMPLITUD","LTRENDIDX","M","2022-02",100.0721,
"DEU","CCI","AMPLITUD","LTRENDIDX","M","2022-03",99.30887,
